vdwVolume,hydrophobicity,substitutionMatrix,pssm_native,entropy,ref_value,variant
55,0.03,-2,5593.0,0.272,1,Y1961C
23,0.77,1,3537.0,2214.0,0,S1974N
13,0.02,2,4039.0,1887.0,0,K1994R
43,1.05,-1,4728.0,0.29,1,D2016G
55,0.03,-2,5593.0,0.245,1,Y2019C
43,1.05,-1,5086.0,0.267,1,G2020D
26,0.48,1,4251.0,0.313,1,E2039K
50,2.36,-3,5567.0,0.484,1,Y2049D
26,0.07,0,3419.0,2.23,0,A2054T
17,1.03,-1,3.7,1429.0,0,P2056S
61,0.87,-2,5086.0,0.313,1,G2063E
24,1.47,-2,4309.0,1377.0,1,A2067D
51,2.37,-2,3359.0,0.744,1,L2068S
11,0.12,0,3359.0,0.744,0,L2068F
24,1.28,-1,4753.0,0.641,0,Q2069P
5,0.23,1,5047.0,0.666,0,N2070D
51,2.51,-2,4136.0,1.64,0,I2076S
6,0.47,1,3766.0,1806.0,0,S2078A
19,0.8,3,2933.0,2.32,0,V2079I
50,2.36,-3,5535.0,0.567,1,Y2080D
0,0.14,2,3252.0,1041.0,0,L2081I
11,0.12,0,3432.0,0.303,0,L2084F
26,0.48,1,4211.0,0.583,0,E2094K
24,3.69,-2,3382.0,0.677,0,L2095R
5,0.57,2,0.809,1646.0,0,E2096Q
26,0.48,1,4202.0,0.526,0,E2097K
0,0.14,2,2813.0,1813.0,0,L2098I
4,0.48,0,4698.0,1.78,0,H2099Q
26,0.07,0,4408.0,0.817,0,A2102T
42,1.29,-1,4575.0,0.481,0,A2103E
23,1.13,2,5.17,2536.0,0,H2111Y
17,1.03,-1,3748.0,1784.0,0,S2114P
68,1.36,-2,3748.0,1784.0,0,S2114Y
23,0.77,1,1551.0,2299.0,0,S2116N
19,0.8,3,1763.0,2913.0,0,V2119I
23,0.77,1,4144.0,2259.0,0,N2130S
13,0.02,2,3.8,1531.0,0,R2138K
26,0.07,0,4148.0,2267.0,0,T2142A
25,0.05,0,3467.0,2406.0,0,S2146G
23,0.77,1,3467.0,2406.0,0,S2146N
19,0.8,3,4183.0,2.08,0,V2152I
0,0.64,2,-0.546,0.425,0,M2158L
100,1.37,-2,1.9,0.806,0,R2161G
58,2.35,-2,1.9,0.806,1,R2161P
13,0.02,2,4506.0,1312.0,0,R2191K
100,1.37,-2,3516.0,3007.0,0,R2196G
13,1.39,-1,3232.0,2.86,0,S2199C
34,1.07,1,4038.0,1645.0,0,Q2206R
20,0.4,1,4085.0,0.501,0,S2215T
23,0.77,1,3282.0,2657.0,0,S2218N
62,2.71,-3,4721.0,0.487,1,R2227C
24,3.69,-2,4721.0,0.487,1,R2227L
30,0.78,-1,4459.0,0.742,1,V2229F
19,0.02,1,4654.0,3187.0,0,M2239V
0,0.78,1,4654.0,3187.0,0,M2239I
18,0.18,2,2822.0,1737.0,0,D2240E
5,0.57,2,3846.0,2613.0,0,Q2243E
49,1.1,-2,5228.0,2205.0,0,C2246F
11,0.02,0,3481.0,2183.0,0,I2247F
18,0.18,2,4237.0,1989.0,0,D2249E
28,0.8,-2,5815.0,0.478,1,H2254P
11,0.12,0,3201.0,1183.0,0,L2258F
6,0.47,1,4534.0,0.586,0,A2262S
26,0.48,1,4.22,0.454,1,E2272K
19,0.8,3,3.69,1928.0,0,I2275V
17,1.03,-1,3136.0,2384.0,0,S2283P
26,0.07,0,2249.0,2802.0,0,A2324T
42,1.29,-1,1772.0,2629.0,0,A2325E
23,0.77,1,3524.0,1673.0,0,N2327S
31,2.11,-1,1141.0,2485.0,0,T2333I
34,1.34,-3,3373.0,0.578,1,L2338P
38,1.34,-3,5023.0,0.582,1,G2342C
25,0.05,0,2993.0,2.39,0,S2376G
23,0.77,1,2993.0,2.39,0,S2376N
42,1.29,-1,4562.0,0.546,1,A2386E
19,0.66,1,3392.0,0.643,0,L2390V
57,1.66,-3,4.44,0.846,1,V2424G
5,0.57,2,4087.0,1413.0,0,E2446Q
34,1.34,-3,2912.0,1297.0,1,L2452P
62,2.71,-3,3774.0,2565.0,0,R2453C
30,1.55,0,3774.0,2565.0,0,R2453H
100,1.37,-2,4661.0,0.793,1,R2459G
30,1.55,0,4679.0,0.838,0,R2461H
50,2.36,-3,5558.0,0.553,1,Y2470D
19,0.8,3,4603.0,0.924,0,I2471V
31,1.33,-1,5367.0,1497.0,0,M2482T
62,2.71,-3,5316.0,1.38,1,C2488R
15,4.44,-3,6.77,0.553,1,W2491R
19,0.42,0,4104.0,2518.0,0,G2502A
5,0.23,1,3559.0,2671.0,0,D2507N
100,1.37,-2,4104.0,2116.0,0,G2508R
20,0.4,1,1082.0,0.714,0,T2513S
23,0.56,-1,4539.0,0.631,1,A2524P
27,1.23,-1,5.76,0.741,1,H2554D
13,0.02,2,1867.0,0.99,0,R2568K
38,1.24,0,1604.0,1933.0,0,V2587A
21,1.05,1,4034.0,1686.0,0,K2589Q
20,0.4,1,4076.0,0.736,0,S2592T
34,1.07,1,4703.0,0.494,1,R2598Q
23,0.56,-1,4534.0,0.535,1,A2626P
23,1.13,2,5.53,0.509,1,Y2627H
24,3.83,-3,3627.0,1974.0,0,I2629R
34,1.34,-3,3.18,1.22,1,L2656P
18,0.18,2,3833.0,1673.0,0,E2660D
14,2.71,-3,4449.0,0.593,1,V2662D
61,0.87,-2,4127.0,0.931,1,E2668G
28,0.8,-2,3021.0,1024.0,0,H2673P
55,0.03,-2,5516.0,0.546,1,Y2677C
3,0.63,-1,4768.0,0.592,1,T2682P
20,0.4,1,4768.0,0.592,1,T2682S
19,0.8,3,4313.0,1308.0,0,I2683V
13,0.02,2,4056.0,1731.0,0,K2687R
25,0.05,0,5014.0,0.552,1,G2695S
34,1.34,-3,5285.0,0.561,1,P2699L
39,0.53,0,4317.0,0.561,1,K2700N
31,2.11,-1,4.57,0.937,1,I2702T
24,3.83,-3,4.57,0.937,1,I2702R
62,2.71,-3,5521.0,0.546,1,C2704R
5,0.23,1,4651.0,0.561,1,D2708N
18,0.18,2,4651.0,0.561,1,D2708E
38,1.24,0,4.44,0.657,1,V2716A
5,0.23,1,4655.0,0.568,1,D2721N
38,1.24,0,4.52,0.661,1,A2726V
24,1.28,-1,4717.0,0.661,1,Q2730P
19,0.8,3,3717.0,1926.0,0,V2774I
23,0.77,1,4065.0,2699.0,0,N2783S
11,3.03,-1,3865.0,2331.0,0,K2811M
62,2.49,-2,4586.0,1505.0,0,F2813S
18,0.18,2,3903.0,1571.0,0,E2815D
19,0.8,3,1822.0,2534.0,0,V2819I
18,0.18,2,3477.0,2374.0,0,D2822E
19,0.8,3,3654.0,1443.0,0,V2823I
55,0.03,-2,5488.0,0.661,1,C2824Y
22,1.0,1,4709.0,1377.0,0,N2826H
11,0.02,0,5132.0,0.571,1,F2827I
49,1.1,-2,5132.0,0.571,1,F2827C
34,1.34,-3,5266.0,0.571,1,P2829L
57,1.66,-3,4431.0,0.571,1,V2830G
62,2.71,-3,4651.0,0.643,1,R2832C
11,0.12,0,5132.0,0.571,1,F2834L
58,2.35,-2,4651.0,0.667,1,R2849P
100,1.37,-2,4981.0,0.601,1,G2867R
24,3.83,-3,4551.0,0.921,1,I2878R
61,0.87,-2,4.15,0.572,1,E2904G
100,1.37,-2,4656.0,0.563,1,R2909G
55,1.72,-1,4656.0,0.563,1,R2909T
18,0.18,2,4622.0,0.577,1,D2916E
43,1.05,-1,4981.0,0.577,1,G2919D
62,2.71,-3,5488.0,0.606,0,C2931R
26,0.48,1,4136.0,0.662,0,E2932K
13,0.02,2,4279.0,0.622,0,K2933R
19,0.02,1,5614.0,1009.0,0,M2935V
0,0.78,1,5614.0,1009.0,0,M2935I
55,1.72,-1,4642.0,0.603,0,R2939T
5,0.23,1,4576.0,1458.0,0,N2940D
21,1.05,1,4517.0,1171.0,0,Q2942K
24,1.28,-1,4517.0,1171.0,0,Q2942P
31,2.11,-1,3863.0,1531.0,0,T2944I
24,1.47,-2,4598.0,0.722,0,D2959A
26,0.07,0,4731.0,0.639,0,T2961A
0,0.64,2,5664.0,0.724,0,M2962L
38,1.24,0,4473.0,0.641,0,A2967V
17,1.03,-1,2537.0,1.94,0,P2982S
19,0.66,1,2729.0,1535.0,0,L2984V
23,0.77,1,4194.0,2022.0,0,N2985S
6,0.47,1,3666.0,2267.0,0,A2986S
18,0.18,2,4225.0,1886.0,0,D2987E
34,1.07,1,4479.0,1498.0,0,R2993Q
62,2.71,-3,4612.0,0.885,1,R3008C
30,1.55,0,4612.0,0.885,1,R3008H
19,0.66,1,3311.0,0.638,0,L3017V
13,0.02,2,4245.0,0.836,0,K3018R
11,0.12,0,3307.0,0.607,1,L3035F
0,0.78,1,0.801,1.17,0,I3040M
75,1.32,-1,4037.0,0.64,1,S3046R
23,0.56,-1,4075.0,1466.0,0,A3054P
38,1.24,0,4075.0,1466.0,1,A3054V
